{
  "mode": "realtime",
  "n_total": 384,
  "main_board": {
    "5d": {
      "ic": 0.05506477294047317,
      "n": 269,
      "ls_spread": 0.0008353392811436128,
      "ls_t_stat": 0.020161087241818476
    },
    "30d": {
      "ic": 0.08167268512259905,
      "n": 265,
      "ls_spread": 0.025063679741230305,
      "ls_t_stat": 0.29938863744043387
    },
    "60d": {
      "ic": 0.0779165050583726,
      "n": 254,
      "ls_spread": 0.020667498013739932,
      "ls_t_stat": 0.13317274420544203
    },
    "180d": {
      "ic": 0.01604481385010394,
      "n": 227,
      "ls_spread": -0.04690081278869648,
      "ls_t_stat": -0.15025586752879386
    }
  },
  "regime_pass": {
    "5d": {
      "ic": 0.033067027455353205,
      "n": 100,
      "ls_spread": -0.05715518955487718,
      "ls_t_stat": -0.6896460248179688
    },
    "30d": {
      "ic": 0.0943351336646378,
      "n": 96,
      "ls_spread": -0.049615664744086505,
      "ls_t_stat": -0.3089376865115467
    },
    "60d": {
      "ic": 0.12416004390217437,
      "n": 89,
      "ls_spread": -0.10974094237988768,
      "ls_t_stat": -0.30181920475410806
    },
    "180d": {
      "ic": 0.14567400244721646,
      "n": 88,
      "ls_spread": 0.7177483675358506,
      "ls_t_stat": 1.0440369544657448
    }
  }
}