{
  "mode": "realtime",
  "n_total": 384,
  "main_board": {
    "5d": {
      "ic": 0.06628865798970483,
      "n": 268,
      "ls_spread": 0.0022022155237629917,
      "ls_t_stat": 0.053357236411475426
    },
    "30d": {
      "ic": 0.09598156578129444,
      "n": 260,
      "ls_spread": 0.013811764904961603,
      "ls_t_stat": 0.16129886597886248
    },
    "60d": {
      "ic": 0.08733882389214259,
      "n": 254,
      "ls_spread": 0.023921216298954273,
      "ls_t_stat": 0.15428215313922997
    },
    "180d": {
      "ic": 0.014994510954761231,
      "n": 212,
      "ls_spread": -0.16947243824656608,
      "ls_t_stat": -0.5384322018514328
    }
  },
  "regime_pass": {
    "5d": {
      "ic": 0.062364859089557655,
      "n": 99,
      "ls_spread": -0.046009422644419734,
      "ls_t_stat": -0.5355394525389381
    },
    "30d": {
      "ic": 0.11479177855992928,
      "n": 91,
      "ls_spread": -0.06999528411923185,
      "ls_t_stat": -0.42352121792263153
    },
    "60d": {
      "ic": 0.1287428420618346,
      "n": 89,
      "ls_spread": -0.10974094237988768,
      "ls_t_stat": -0.30181920475410806
    },
    "180d": {
      "ic": 0.15908561189292048,
      "n": 79,
      "ls_spread": 0.5769868962357435,
      "ls_t_stat": 0.7925042275362921
    }
  }
}