{
  "mode": "realtime",
  "n_total": 384,
  "main_board": {
    "5d": {
      "ic": 0.0422443034291283,
      "n": 269,
      "ls_spread": -0.008154959478596992,
      "ls_t_stat": -0.19834798007836804
    },
    "30d": {
      "ic": 0.05171652656657397,
      "n": 264,
      "ls_spread": -0.014310968982614039,
      "ls_t_stat": -0.1765662437317973
    },
    "60d": {
      "ic": 0.056501109271903105,
      "n": 253,
      "ls_spread": -0.007719868331968055,
      "ls_t_stat": -0.04995912447491039
    },
    "180d": {
      "ic": 0.02890543207090014,
      "n": 227,
      "ls_spread": -0.0728802030835054,
      "ls_t_stat": -0.2332278744856788
    }
  },
  "regime_pass": {
    "5d": {
      "ic": 0.035635845753462514,
      "n": 101,
      "ls_spread": -0.05715518955487718,
      "ls_t_stat": -0.6896460248179688
    },
    "30d": {
      "ic": 0.08613053549737851,
      "n": 97,
      "ls_spread": -0.025414715860996626,
      "ls_t_stat": -0.15620141301322263
    },
    "60d": {
      "ic": 0.12121008294184403,
      "n": 90,
      "ls_spread": -0.058730782552569805,
      "ls_t_stat": -0.167849268240261
    },
    "180d": {
      "ic": 0.15244048986547357,
      "n": 89,
      "ls_spread": 0.7044750186352551,
      "ls_t_stat": 1.022592507456957
    }
  }
}