{
  "mode": "realtime",
  "n_total": 384,
  "main_board": {
    "5d": {
      "ic": 0.041867793369202655,
      "n": 269,
      "ls_spread": -0.008154959478596988,
      "ls_t_stat": -0.19834798007836796
    },
    "30d": {
      "ic": 0.051222990026137206,
      "n": 264,
      "ls_spread": -0.014310968982614032,
      "ls_t_stat": -0.17656624373179722
    },
    "60d": {
      "ic": 0.055890402619378006,
      "n": 253,
      "ls_spread": -0.007719868331968055,
      "ls_t_stat": -0.04995912447491039
    },
    "180d": {
      "ic": 0.028189598778485384,
      "n": 227,
      "ls_spread": -0.0728802030835054,
      "ls_t_stat": -0.2332278744856788
    }
  },
  "regime_pass": {
    "5d": {
      "ic": 0.03406136938598124,
      "n": 101,
      "ls_spread": -0.05715518955487718,
      "ls_t_stat": -0.6896460248179688
    },
    "30d": {
      "ic": 0.08436279380638047,
      "n": 97,
      "ls_spread": -0.025414715860996626,
      "ls_t_stat": -0.15620141301322263
    },
    "60d": {
      "ic": 0.11841363563214066,
      "n": 90,
      "ls_spread": -0.05873078255256986,
      "ls_t_stat": -0.16784926824026117
    },
    "180d": {
      "ic": 0.1496386564914996,
      "n": 89,
      "ls_spread": 0.7044750186352553,
      "ls_t_stat": 1.0225925074569575
    }
  }
}