{
  "mode": "static",
  "n_total": 385,
  "main_board": {
    "5d": {
      "ic": 0.07749950163677989,
      "n": 268,
      "ls_spread": 0.008209058736293247,
      "ls_t_stat": 0.20215082099963075
    },
    "30d": {
      "ic": 0.10837666944700745,
      "n": 260,
      "ls_spread": 0.03403236334710797,
      "ls_t_stat": 0.4025350898180528
    },
    "60d": {
      "ic": 0.09871103015228598,
      "n": 254,
      "ls_spread": 0.04614979255972135,
      "ls_t_stat": 0.2997799904298347
    },
    "180d": {
      "ic": 0.003069795947781199,
      "n": 212,
      "ls_spread": -0.20721735237498262,
      "ls_t_stat": -0.6580084849037329
    }
  },
  "regime_pass": {
    "5d": {
      "ic": 0.1989703949746195,
      "n": 102,
      "ls_spread": 0.07337350576921275,
      "ls_t_stat": 1.1915952079588734
    },
    "30d": {
      "ic": 0.22479980113770667,
      "n": 96,
      "ls_spread": 0.19412427600716636,
      "ls_t_stat": 1.787417112165408
    },
    "60d": {
      "ic": 0.2452217928148108,
      "n": 91,
      "ls_spread": 0.348533149183347,
      "ls_t_stat": 2.4085419624558595
    },
    "180d": {
      "ic": 0.19962419258237094,
      "n": 81,
      "ls_spread": 0.6534917719686848,
      "ls_t_stat": 1.009564528730051
    }
  }
}