{
  "mode": "realtime",
  "n_total": 384,
  "main_board": {
    "5d": {
      "ic": 0.05398094298102123,
      "n": 269,
      "ls_spread": -0.00019717624626097024,
      "ls_t_stat": -0.004754764207212647
    },
    "30d": {
      "ic": 0.07755015334215662,
      "n": 265,
      "ls_spread": 0.027552479470405872,
      "ls_t_stat": 0.32970411887187545
    },
    "60d": {
      "ic": 0.07455132374944962,
      "n": 254,
      "ls_spread": 0.031024285329154855,
      "ls_t_stat": 0.20063130011979893
    },
    "180d": {
      "ic": 0.027763940977990873,
      "n": 227,
      "ls_spread": -0.06722596911385284,
      "ls_t_stat": -0.21508242885416792
    }
  },
  "regime_pass": {
    "5d": {
      "ic": 0.03076676555837596,
      "n": 100,
      "ls_spread": -0.05715518955487718,
      "ls_t_stat": -0.6896460248179688
    },
    "30d": {
      "ic": 0.08576486729024034,
      "n": 96,
      "ls_spread": -0.049615664744086505,
      "ls_t_stat": -0.3089376865115467
    },
    "60d": {
      "ic": 0.11891884751919814,
      "n": 89,
      "ls_spread": -0.10974094237988774,
      "ls_t_stat": -0.30181920475410823
    },
    "180d": {
      "ic": 0.15396242802424395,
      "n": 88,
      "ls_spread": 0.7177483675358505,
      "ls_t_stat": 1.0440369544657446
    }
  }
}
