{
  "source": "data/derived/backtest/iterations/{p1_10,p1_11,p1_lockup_v2,p2_1,p2_2}/backtest_ic_realtime.json",
  "schema_version": "1.0",
  "description": "NACS v8 backtest baselines per ADR 0005 §3 + ADR 0013 §8b. Each iteration archive captures the v8 IC progression on the 384-sample mainboard universe with regime gate filter. Phase 8c calibration MUST not significantly degrade these on the same samples (monotonicity_constraint).",
  "n_total": 384,
  "horizons": ["5d", "30d", "60d", "180d"],
  "slices": ["main_board", "regime_pass"],
  "metric_fields": ["ic", "n", "ls_spread", "ls_t_stat"],
  "canonical_iteration": "p1_lockup_v2",
  "canonical_reason": "Highest IC across mainboard horizons (5d 0.066 / 30d 0.096 / 60d 0.087) — used as the default monotonicity reference for calibration.",
  "iterations": {
    "p1_10": {
      "main_board": {
        "5d":   {"ic": 0.05506477294047317,  "n": 269, "ls_spread":  0.0008353392811436128, "ls_t_stat":  0.020161087241818476},
        "30d":  {"ic": 0.08167268512259905,  "n": 265, "ls_spread":  0.025063679741230305,  "ls_t_stat":  0.29938863744043387},
        "60d":  {"ic": 0.0779165050583726,   "n": 254, "ls_spread":  0.020667498013739932,  "ls_t_stat":  0.13317274420544203},
        "180d": {"ic": 0.01604481385010394,  "n": 227, "ls_spread": -0.04690081278869648,   "ls_t_stat": -0.15025586752879386}
      },
      "regime_pass": {
        "5d":   {"ic": 0.033067027455353205, "n": 100, "ls_spread": -0.05715518955487718,   "ls_t_stat": -0.6896460248179688},
        "30d":  {"ic": 0.0943351336646378,   "n":  96, "ls_spread": -0.049615664744086505,  "ls_t_stat": -0.3089376865115467},
        "60d":  {"ic": 0.12416004390217437,  "n":  89, "ls_spread": -0.10974094237988768,   "ls_t_stat": -0.30181920475410806},
        "180d": {"ic": 0.14567400244721646,  "n":  88, "ls_spread":  0.7177483675358506,    "ls_t_stat":  1.0440369544657448}
      }
    },
    "p1_11": {
      "main_board": {
        "5d":   {"ic": 0.05398094298102123,  "n": 269, "ls_spread": -0.00019717624626097024, "ls_t_stat": -0.004754764207212647},
        "30d":  {"ic": 0.07755015334215662,  "n": 265, "ls_spread":  0.027552479470405872,   "ls_t_stat":  0.32970411887187545},
        "60d":  {"ic": 0.07455132374944962,  "n": 254, "ls_spread":  0.031024285329154855,   "ls_t_stat":  0.20063130011979893},
        "180d": {"ic": 0.027763940977990873, "n": 227, "ls_spread": -0.06722596911385284,    "ls_t_stat": -0.21508242885416792}
      },
      "regime_pass": {
        "5d":   {"ic": 0.03076676555837596,  "n": 100, "ls_spread": -0.05715518955487718,    "ls_t_stat": -0.6896460248179688},
        "30d":  {"ic": 0.08576486729024034,  "n":  96, "ls_spread": -0.049615664744086505,   "ls_t_stat": -0.3089376865115467},
        "60d":  {"ic": 0.11891884751919814,  "n":  89, "ls_spread": -0.10974094237988774,    "ls_t_stat": -0.30181920475410823},
        "180d": {"ic": 0.15396242802424395,  "n":  88, "ls_spread":  0.7177483675358505,     "ls_t_stat":  1.0440369544657446}
      }
    },
    "p1_lockup_v2": {
      "main_board": {
        "5d":   {"ic": 0.06628865798970483,  "n": 268, "ls_spread":  0.0022022155237629917,  "ls_t_stat":  0.053357236411475426},
        "30d":  {"ic": 0.09598156578129444,  "n": 260, "ls_spread":  0.013811764904961603,   "ls_t_stat":  0.16129886597886248},
        "60d":  {"ic": 0.08733882389214259,  "n": 254, "ls_spread":  0.023921216298954273,   "ls_t_stat":  0.15428215313922997},
        "180d": {"ic": 0.014994510954761231, "n": 212, "ls_spread": -0.16947243824656608,    "ls_t_stat": -0.5384322018514328}
      },
      "regime_pass": {
        "5d":   {"ic": 0.062364859089557655, "n":  99, "ls_spread": -0.046009422644419734,   "ls_t_stat": -0.5355394525389381},
        "30d":  {"ic": 0.11479177855992928,  "n":  91, "ls_spread": -0.06999528411923185,    "ls_t_stat": -0.42352121792263153},
        "60d":  {"ic": 0.1287428420618346,   "n":  89, "ls_spread": -0.10974094237988768,    "ls_t_stat": -0.30181920475410806},
        "180d": {"ic": 0.15908561189292048,  "n":  79, "ls_spread":  0.5769868962357435,     "ls_t_stat":  0.7925042275362921}
      }
    },
    "p2_1": {
      "main_board": {
        "5d":   {"ic": 0.05398094298102123,  "n": 269, "ls_spread": -0.00019717624626097024, "ls_t_stat": -0.004754764207212647},
        "30d":  {"ic": 0.07755015334215662,  "n": 265, "ls_spread":  0.027552479470405872,   "ls_t_stat":  0.32970411887187545},
        "60d":  {"ic": 0.07455132374944962,  "n": 254, "ls_spread":  0.031024285329154855,   "ls_t_stat":  0.20063130011979893},
        "180d": {"ic": 0.027763940977990873, "n": 227, "ls_spread": -0.06722596911385284,    "ls_t_stat": -0.21508242885416792}
      },
      "regime_pass": {
        "5d":   {"ic": 0.03076676555837596,  "n": 100, "ls_spread": -0.05715518955487718,    "ls_t_stat": -0.6896460248179688},
        "30d":  {"ic": 0.08576486729024034,  "n":  96, "ls_spread": -0.049615664744086505,   "ls_t_stat": -0.3089376865115467},
        "60d":  {"ic": 0.11891884751919814,  "n":  89, "ls_spread": -0.10974094237988774,    "ls_t_stat": -0.30181920475410823},
        "180d": {"ic": 0.15396242802424395,  "n":  88, "ls_spread":  0.7177483675358505,     "ls_t_stat":  1.0440369544657446}
      }
    },
    "p2_2": {
      "main_board": {
        "5d":   {"ic": 0.05398094298102123,  "n": 269, "ls_spread": -0.00019717624626097024, "ls_t_stat": -0.004754764207212647},
        "30d":  {"ic": 0.07755015334215662,  "n": 265, "ls_spread":  0.027552479470405872,   "ls_t_stat":  0.32970411887187545},
        "60d":  {"ic": 0.07455132374944962,  "n": 254, "ls_spread":  0.031024285329154855,   "ls_t_stat":  0.20063130011979893},
        "180d": {"ic": 0.027763940977990873, "n": 227, "ls_spread": -0.06722596911385284,    "ls_t_stat": -0.21508242885416792}
      },
      "regime_pass": {
        "5d":   {"ic": 0.03076676555837596,  "n": 100, "ls_spread": -0.05715518955487718,    "ls_t_stat": -0.6896460248179688},
        "30d":  {"ic": 0.08576486729024034,  "n":  96, "ls_spread": -0.049615664744086505,   "ls_t_stat": -0.3089376865115467},
        "60d":  {"ic": 0.11891884751919814,  "n":  89, "ls_spread": -0.10974094237988774,    "ls_t_stat": -0.30181920475410823},
        "180d": {"ic": 0.15396242802424395,  "n":  88, "ls_spread":  0.7177483675358505,     "ls_t_stat":  1.0440369544657446}
      }
    }
  }
}
